MerchantId,MerchantCampaignName,DateCreated,DateModified,SKU,Name,Category,Description,Url,OriginalUrl,Image,Image50,Image100,Image120,Image200,Image300,Image400,Price,Brand,Colour,Currency,DeliveryCost,DeliveryTime,Features,Gender,Genre,Keywords,ContentRating,ModelNumber,Platform,PriceRrp,PriceSale,PromoText,Size,StockLevel,SubCategory,Custom1,Custom2,Custom3,Custom4
11793,ozgameshop.com,2013-11-19T04:38:07.590,2017-01-13T04:19:40.657,360A0476,Xbox Live Gold 12 Month Membership Card Xbox 360 and Xbox One Digital Download,Xbox 360 Points &amp; Subscriptions,"12 Months Live Gold Membership Card valid on both Xbox One and Xbox 360	Xbox Live offers a wide range of fantastic benefits from online multiplayer gaming and downloadable video games to exclusive privileges and rewards from Xbox Live marketplace. So go on and go for the gold!	New Exciting Changes on Xbox Live Gold	New benefits for Xbox Live Gold members - Games with Gold and Deals with Gold come to Xbox One. 	Games with Gold	A single Gold membership will get you free games on both Xbox One and Xbox 360. Microsoft are introducing Deals with Gold for Xbox One which gives members exclusive discounts on games in the Xbox Store. 	Home Gold	With Home Gold, on Xbox One, a single Gold membership provides multiplayer for everyone in your home. And your primary Xbox Live Gold membership travels with you to any Xbox One or Xbox 360 console you sign into.*	Xbox Live Gold memberships Include	The most advanced multiplayer gaming, free games, exclusive member discounts and more. Play games like Titanfall and Halo with your friends on a network powered by over 300,000 servers for maximum performance. Your membership includes a growing library of free games, and discounts up to 50-75% on games in the Xbox Store. And on Xbox One, it&rsquo;s even better, with smarter, faster matchmaking and online multiplayer for everyone in your home.*			Enjoy online multiplayer gaming, whatever your skill levels. 			Video chat with friends and family, which requires separate Xbox Live Vision camera. 			Form an Xbox Live party (up to 8 people), meet them on Xbox Live and play together or share your photos while chatting the whole time. 			Take advantage of exclusive Gold-only discounts on downloadable content (check out xbox.com). 			Be the first to view exclusive game demos. 			Download content such as demos, trailers, theme packs and Xbox Live Arcade titles from Xbox Live marketplace. 			Xbox Live requires the user to have an available broadband connection. 			Xbox Live requires a communication headset (sold separately)	As per Microsoft/Xbox&#39;s terms and conditions, subscription codes are non-refundable	How To Redeem:	A code will be emailed out, requires Internet access to Download	Please note: Codes will be emailed during office hours Monday - Friday GMT&nbsp;	This item will be emailed to the address from which you order	12 Months Live Gold Membership Card",https://t.cfjump.com/33917/p/2995637,http://www.ozgameshop.com/xbox-360-points-and-subscriptions/xbox-live-gold-12-month-membership-card-xbox-360-and-xbox-one-digital-download?utm_source=cd+key+price&utm_medium=shopping&utm_campaign=cd+key+price+data+feed+(12/01/2017),http://c.cfjump.com/Products/11793/2995637.jpg,http://c.cfjump.com/Products/11793/2995637@50x50.jpg,http://c.cfjump.com/Products/11793/2995637@100x100.jpg,http://c.cfjump.com/Products/11793/2995637@120x120.jpg,http://c.cfjump.com/Products/11793/2995637@200x200.jpg,http://c.cfjump.com/Products/11793/2995637@300x300.jpg,http://c.cfjump.com/Products/11793/2995637@400x400.jpg,72.99,,,,,,,,,,,,,,,,,,,,,,
11793,ozgameshop.com,2013-11-19T04:38:07.590,2017-01-13T04:19:40.657,360A0516,Xbox Live Gold 3 Month Membership Card Xbox 360 and Xbox One Digital Download,Xbox 360 Points &amp; Subscriptions,"3 Months Live Gold Membership Card valid on both Xbox One and Xbox 360 Xbox Live offers a wide range of fantastic benefits from online multiplayer gaming and downloadable video games to exclusive privileges and rewards from Xbox Live marketplace. So go on and go for the gold! New Exciting Changes on Xbox Live Gold New benefits for Xbox Live Gold members - Games with Gold and Deals with Gold come to Xbox One. Games with Gold A single Gold membership will get you free games on both Xbox One and Xbox 360. Microsoft are introducing Deals with Gold for Xbox One which gives members exclusive discounts on games in the Xbox Store. Home Gold With Home Gold, on Xbox One, a single Gold membership provides multiplayer for everyone in your home. And your primary Xbox Live Gold membership travels with you to any Xbox One or Xbox 360 console you sign into.* Xbox Live Gold memberships Include The most advanced multiplayer gaming, free games, exclusive member discounts and more. Play games like Titanfall and Halo with your friends on a network powered by over 300,000 servers for maximum performance. Your membership includes a growing library of free games, and discounts up to 50-75% on games in the Xbox Store. And on Xbox One, it&rsquo;s even better, with smarter, faster matchmaking and online multiplayer for everyone in your home.* Enjoy online multiplayer gaming, whatever your skill levels. Video chat with friends and family, which requires separate Xbox Live Vision camera. Form an Xbox Live party (up to 8 people), meet them on Xbox Live and play together or share your photos while chatting the whole time. Take advantage of exclusive Gold-only discounts on downloadable content (check out xbox.com). Be the first to view exclusive game demos. Download content such as demos, trailers, theme packs and Xbox Live Arcade titles from Xbox Live marketplace. Xbox Live requires the user to have an available broadband connection. Xbox Live requires a communication headset (sold separately) As per Microsoft/Xbox&#39;s terms and conditions, subscription codes are non-refundable How To Redeem: A code will be emailed out, requires Internet access to Download Please note: Codes will be emailed during office hours Monday - Friday GMT&nbsp; This item will be emailed to the address from which you order 3&nbsp;Months Live Gold Membership Card",https://t.cfjump.com/33917/p/2995638,http://www.ozgameshop.com/xbox-360-points-and-subscriptions/xbox-live-gold-3-month-membership-card-xbox-360-and-xbox-one-digital-download?utm_source=cd+key+price&utm_medium=shopping&utm_campaign=cd+key+price+data+feed+(12/01/2017),http://c.cfjump.com/Products/11793/2995638.jpg,http://c.cfjump.com/Products/11793/2995638@50x50.jpg,http://c.cfjump.com/Products/11793/2995638@100x100.jpg,http://c.cfjump.com/Products/11793/2995638@120x120.jpg,http://c.cfjump.com/Products/11793/2995638@200x200.jpg,http://c.cfjump.com/Products/11793/2995638@300x300.jpg,http://c.cfjump.com/Products/11793/2995638@400x400.jpg,24.99,,,,,,,,,,,,,,,,,,,,,,
11793,ozgameshop.com,2013-11-19T04:38:07.590,2017-01-13T04:19:40.657,PCG4125,Final Fantasy XIV 14 Online Subscription 60 Day Timecard PC CD Key Download,PC Games,"Final Fantasy 14 is a subscription game, you will be required to pay a monthly subscription as well as purchasing the game in order to play (game not included) Immerse yourself in a new FINAL FANTASY world. FINAL FANTASY XIV, a multi-platform, multi-region MMORPG, is the next, major epic from Square Enix. Available for both PlayStation&reg; 3 and Windows PC, the title promises to be a watershed in user-friendliness and community diversification. Join players from around the world in an adventure of infinite possibilities. Embark on the myriad journeys of an epic in FINAL FANTASY XIV, the revolutionary MMORPG from Square Enix. As denizens of the new and visually stunning realm of Eorzea, players will actively engage in compelling storylines narrated through high-definition, real-time events featuring the players&rsquo; own highly personalised and versatile characters. While exploring even the farthest reaches of this magnificent world, adventurers are given the freedom to entirely alter their gameplay experience by simply swapping out equipment, and realise objectives with or without the aid of others. The entire experience is crafted to accommodate the widest variety of play styles&mdash;from the lone mercenary with only moments a day to spare, to the legion of comrades campaigning for days on end, and every combination in between. Classes - Choose a path on which to embark&mdash;the Discipline of War, the Discipline of Magic, the Discipline of the Land or the Discipline of the Hand&mdash;and then select any of various classes of that path with which to make your way in the world. Community Play - Achieve goals impossible for any individual: vanquish hideous fiends; tame the wilderness; build a trading empire. Take on various roles in the organisation and support your partners even while offline. Auto-Translate Feature - This in-game tool allows players with different linguistic backgrounds the ability to engage in conversation, bridging the gap between cultures and making cross-region gaming a reality. The Armoury System - Change classes by simply equipping a different weapon or tool. Spend an hour hunting bounties as a gladiator. Spend another baking in the kitchens as a culinarian. Develop your character however you wish; anyway, anytime, anywhere. Guildleves - Undertake missions known as levequests, a wide assortment of activities that change daily. How many you accept&mdash;alone or with friends&mdash;and how long you quest are entirely up to you. Determine a style of adventuring based on your terms. For use with: Final Fantasy Online A Realm Reborn and Heavensward Expansion pack To redeem your code, please follow these instructions:&nbsp; 1. Visit https://secure.square-enix.com/account/app/svc/Login?cont=account&amp;request=mogstation 2. Enter your Square Enix ID and password (If you have a security token, enter the one-time password) 3. Click on &quot;Proceed to Payment&quot; 4. Click on &quot;Subscription Payment: Game Time Card&quot; 5. Enter the 20 digit code and click on &quot;Next&quot; 6. At the confirmation screen, review and if all is okay, click on &quot;Next&quot; to complete Please Note: These are not compatible with USA or Canadian account",https://t.cfjump.com/33917/p/2995689,http://www.ozgameshop.com/pc-games/final-fantasy-xiv-14-online-subscription-60-day-timecard-pc-cd-key-download?utm_source=cd+key+price&utm_medium=shopping&utm_campaign=cd+key+price+data+feed+(12/01/2017),http://c.cfjump.com/Products/11793/2995689.jpg,http://c.cfjump.com/Products/11793/2995689@50x50.jpg,http://c.cfjump.com/Products/11793/2995689@100x100.jpg,http://c.cfjump.com/Products/11793/2995689@120x120.jpg,http://c.cfjump.com/Products/11793/2995689@200x200.jpg,http://c.cfjump.com/Products/11793/2995689@300x300.jpg,http://c.cfjump.com/Products/11793/2995689@400x400.jpg,28.99,,,,,,,,,,,,,,,,,,,,,,
11793,ozgameshop.com,2014-01-08T02:21:13.823,2017-01-13T04:19:40.657,PCG3823,Command and Conquer Ultimate Edition PC CD Key Download for Origin,Origin Games,"Command And Conquer The Ultimate Collection PC, a compilation of all 17 games that have made Command &amp; Conquer the number 1 selling real-time strategy franchise of all time. Command And Conquer The Ultimate Collection will not only give fans a chance to re-experience all three award-winning Command &amp; Conquer universes - the epic clash between the GDI and Nod in Tiberium, the alternate Cold War of the Red Alert series and the modern warfare in Generals - but will also give them early access to the upcoming beta for the new Frostbite 2 powered Command And Conquer, coming in 2013. Please Note: Command And Conquer: The Ultimate Edition requires an internet connection to download. &nbsp;Command And Conquer: The Ultimate Collection Includes: &nbsp;Redeemable download code for all 17 Command And Conquer titles on Origin &nbsp;Command And Conquer &nbsp;Command And Conquer: The Covert Operations &nbsp;Command And Conquer: Red Alert &nbsp;Command And Conquer: Red Alert - Counterstrike &nbsp;Command And Conquer: Red Alert - The Aftermath &nbsp;Command And Conquer: Tiberian Sun &nbsp;Command And Conquer: Tiberian Sun - Firestorm &nbsp;Command And Conquer: Red Alert 2 &nbsp;Command And Conquer: Red Alert - Yuri&#39;s Revenge &nbsp;Command And Conquer: Renegade &nbsp;Command And Conquer: Generals &nbsp;Command And Conquer: Generals - Zero Hour &nbsp;Command And Conquer 3: Tiberium Wars &nbsp;Command And Conquer 3: Kane&#39;s Wrath &nbsp;Command And Conquer: Red Alert 3 &nbsp;Command And Conquer: Red Alert 3 - Uprising &nbsp;Command And Conquer 4: Tiberian Twilight &nbsp;Best of Command And Conquer music compilation &nbsp;Early access to the next Command And Conquer experience&nbsp; How To Redeem An activation code will be emailed out, you will need an internet connection to download the game via the EA Origin network, no disc will be sent out. For information on how to do this, use the following address. &nbsp;Download Origin from http://www.origin.com/download &nbsp;Sign up for an Origin account at https://www.origin.com/create &nbsp;Start the Origin application and log in &nbsp;Near the top of the application, click on &quot;Origin&quot; and select &quot;Redeem Product Code&quot; &nbsp;Enter the serial code for the game you have purchased and click &quot;Next&quot; &nbsp;The game will be downloaded and installed to your computer&nbsp; Please note: Code will be emailed during office hours Monday - Friday GMT This item will be emailed to the address from which you order",https://t.cfjump.com/33917/p/3464249,http://www.ozgameshop.com/origin-games/command-and-conquer-ultimate-edition-pc-cd-key-download-for-origin?utm_source=cd+key+price&utm_medium=shopping&utm_campaign=cd+key+price+data+feed+(12/01/2017),http://c.cfjump.com/Products/11793/3464249.jpg,http://c.cfjump.com/Products/11793/3464249@50x50.jpg,http://c.cfjump.com/Products/11793/3464249@100x100.jpg,http://c.cfjump.com/Products/11793/3464249@120x120.jpg,http://c.cfjump.com/Products/11793/3464249@200x200.jpg,http://c.cfjump.com/Products/11793/3464249@300x300.jpg,http://c.cfjump.com/Products/11793/3464249@400x400.jpg,12.99,,,,,,,,,,,,,,,,,,,,,,
11793,ozgameshop.com,2014-06-05T02:39:00.457,2017-01-13T04:19:40.657,PCG4558,Dragon Age Inquisition PC CD Key Download for Origin,Origin Games,"Dragon Age 3 Inquisition is the third installment in Bioware s popular Dragon Age franchise. The game utilizes DICE s Frostbite 2 technology and promises a massive world to explore deep customization great combat and choices that matter. Explore a vast, fantasy world at the brink of catastrophe in Dragon Age&trade;: Inquisition, a next-generation action RPG, where your choices shape and drive the experience. In this upcoming video game from BioWare, makers of Mass Effect 3 and Dragon Age: Origins, you&rsquo;ll make your mark in an expansive, story-driven open world filled with complex characters, challenging combat and difficult decisions. A cataclysmic event has plunged the land of Thedas into turmoil. Dragons now darken the sky, casting a shadow of terror over a once-peaceful kingdom. Mages have broken into an all-out war against the oppressive Templars. Nations rise against one another. It falls to you to restore order as you lead the Inquisition and hunt down the agents of chaos - your choices will forever change the Dragon Age Choose and lead a group of characters into challenging, visually spectacular battles against a variety of enemies &ndash; from earth-shattering High Dragons to demonic forces from the otherworld of the Fade. Go toe-to-toe in visceral, heroic combat as your followers fight by your side, or switch to tactical view to coordinate devastating offensives using the combined might of your party. See the tangible, visible results of your journey through a living world &ndash; raise structures, customize outposts, and change the landscape itself as environments are re-shaped in the wake of your Inquisition. Lead a party chosen from nine unique, fully-realized characters &ndash; each of whom react to your actions and choices differently, forming complex relationships both with you and with each other. Create your own character from multiple races, customize their appearance, and select their powers and abilities as the game progresses. Extensive customization options allow you to choose everything from the color of your follower&rsquo;s boots to the appearance of your Inquisition stronghold. Become an agent of change in a time of uncertainty and upheaval. &nbsp;Shape the course of empires, bring war or peace to factions in conflict, and drive the ultimate fate of the Inquisition. Will you stop the cataclysmic anarchy gripping the Dragon Age? How To Redeem: An activation code will be emailed out, you will need an internet connection to download the game via the EA Origin network, no disc will be sent out file size unknown. For information on how to do this, use the following address. &nbsp;Download Origin from http://www.origin.com/download &nbsp;Sign up for an Origin account at https://www.origin.com/create &nbsp;Start the Origin application and log in &nbsp;Near the top of the application, click on &quot;Origin&quot; and select &quot;Redeem Product Code&quot; &nbsp;Enter the serial code for the game you have purchased and click &quot;Next&quot; &nbsp;The game will be downloaded and installed to your computer&nbsp; Please note: Code will be emailed during office hours Monday - Friday GMT This item will be emailed to the address from which you order",https://t.cfjump.com/33917/p/5153530,http://www.ozgameshop.com/origin-games/dragon-age-inquisition-pc-cd-key-download-for-origin?utm_source=cd+key+price&utm_medium=shopping&utm_campaign=cd+key+price+data+feed+(12/01/2017),http://c.cfjump.com/Products/11793/5153530.jpg,http://c.cfjump.com/Products/11793/5153530@50x50.jpg,http://c.cfjump.com/Products/11793/5153530@100x100.jpg,http://c.cfjump.com/Products/11793/5153530@120x120.jpg,http://c.cfjump.com/Products/11793/5153530@200x200.jpg,http://c.cfjump.com/Products/11793/5153530@300x300.jpg,http://c.cfjump.com/Products/11793/5153530@400x400.jpg,14.24,,,,,,,,,,,,,,,,,,,,,,
11793,ozgameshop.com,2014-06-24T02:37:23.657,2017-01-13T04:19:40.657,PCG4639,Grand Theft Auto GTA V (Five 5) PC CD Key Download for RGSC,PC Games,"Grand Theft Auto V returns to the familiar city of Los Santos, but with all-new lead characters. Building on the gameplay of Grand Theft Auto: Episodes of Liberty City, GTA V offers up multiple playable characters, with three new protagonists to guide around the Lost Santos streets. 	First up is Michael, a retired bank robber who was living comfortably off his &quot;earnings&quot; following a deal with the FIB, but forced bank into the game after his wife gets a little to spend-happy. Then there&#39;s former military pilot Trevor, now a frequent drug user who does what he needs to scrape a living on the edge of society. Rounding up the trio is Franklin, a hustler who scams kids into buying cars they can&#39;t afford and then repossess them. 	Michael, Trevor and Franklin each have their own lives, stories and hobbies, but the paths of the three characters will cross throughout the game. You have the chance to switch between them at any off-mission point of the game &ndash; and even during the missions they take part in together to keep you close to the action at all times. 	A wealth of new missions await in Grand Theft Auto V, offering up a variety of mission styles for both individual and multiple participants. Unlike previous games in the series, complex finale-style missions are peppered throughout the characters&#39; narratives, with heists providing a core part of the gameplay, and a renewed focus on prepping for each crime. And missions get a little more tension, too, with the introduction of a score, another first for the GTA series. 	The Los Santos of Grand Theft Auto V is larger than ever before. Combining elements of Rockstar&#39;s Red Dead Redemption with classic GTA open-world gameplay, locations within the city and beyond are yours to explore and to make your playground. There&#39;s the beachfronts, including the chance to explore the ocean floor along the coastline. Or there&#39;s the suburban hills, the wilderness around Mount Chiliad, and a new military base. You can even find yourself in the middle of wine country!	Los Santos isn&#39;t the only part of Grand Theft Auto V to get a west-coast facelift, with enhanced gameplay mechanics throughout. Melee combat and shooting controls have been improved, as has the driving mechanic. And with improved driving and a wider area to explore, there are even more vehicles than ever before &ndash; the range of cars is joined by BMX and mountain bikes, road motorcycles and dirt bikes, ATVs, jet skis, helicopters and planes. 	As if that&#39;s not enough, to keep all your characters occupied between heists, the off-mission activities have also been given a boost, with more immersive mini-games and side missions. Yoga, base-jumping, tennis, triathlons and a full 18-hole golf game now make up life in Los Santos in Grand Theft Auto V. 	&nbsp;New characters take the lead, with three playable main characters and their own individual stories	&nbsp;All-new missions for individual and multiple characters	&nbsp;A massive open-world to explore, the largest in GTA history	&nbsp;Enhanced gameplay mechanics	&nbsp;More vehicles and off-mission activities	Minimum specifications:			OS: Windows 8.1 64 Bit, Windows 8 64 Bit, Windows 7 64 Bit Service Pack 1, Windows Vista 64 Bit Service Pack 2* (*NVIDIA video card recommended if running Vista OS)			Processor: Intel Core 2 Quad CPU Q6600 @ 2.40GHz (4 CPUs) / AMD Phenom 9850 Quad-Core Processor (4 CPUs) @ 2.5GHz			Memory: 4GB			Video Card: NVIDIA 9800 GT 1GB / AMD HD 4870 1GB (DX 10, 10.1, 11)			Sound Card: 100% DirectX 10 compatible			HDD Space: 65GB			DVD Drive	Recommended specifications:			OS: Windows 8.1 64 Bit, Windows 8 64 Bit, Windows 7 64 Bit Service Pack 1			Processor: Intel Core i5 3470 @ 3.2GHZ (4 CPUs) / AMD X8 FX-8350 @ 4GHZ (8 CPUs)			Memory: 8GB			Video Card: NVIDIA GTX 660 2GB / AMD HD7870 2GB			Sound Card: 100% DirectX 10 compatible			HDD Space: 65GB			DVD Drive	How to Redeem	An activation code will be emailed out, you will need an internet connection to download the game via Rockstar Social Club, no disc will be sent out. There is a 65GB file to download. For information on how to do this see below:			From your PC, go to: http://socialclub.rockstargames.com/activate			Sign in to your existing Rockstar Games Social Club account. If you do not already have a Social Club account, follow the directions to create one and then retry the link			Click on &quot;Use Rockstar Code&quot; and enter your unique Rockstar Activation Code when prompted. Then click on the &quot;Activate&quot; button			The site will ask you to confirm the game you are activating. Click on the &quot;Confirm&quot; button			Click the &quot;download&quot; button to start the download	Please note: Code will be emailed during office hours Monday - Friday GMT		This item will be emailed to the address from which you order",https://t.cfjump.com/33917/p/5375185,http://www.ozgameshop.com/pc-games/grand-theft-auto-gta-v-five-5-pc-cd-key-download-for-rgsc?utm_source=cd+key+price&utm_medium=shopping&utm_campaign=cd+key+price+data+feed+(12/01/2017),http://c.cfjump.com/Products/11793/5375185.jpg,http://c.cfjump.com/Products/11793/5375185@50x50.jpg,http://c.cfjump.com/Products/11793/5375185@100x100.jpg,http://c.cfjump.com/Products/11793/5375185@120x120.jpg,http://c.cfjump.com/Products/11793/5375185@200x200.jpg,http://c.cfjump.com/Products/11793/5375185@300x300.jpg,http://c.cfjump.com/Products/11793/5375185@400x400.jpg,39.99,,,,,,,,,,,,,,,,,,,,,,
11793,ozgameshop.com,2014-09-17T02:35:24.767,2017-01-13T04:19:40.657,PCG4771,Sims 4 PC CD Key Download for Origin,Origin Games,"The Sims 4 is the highly anticipated life simulation game that lets you play with life like never before. Create new Sims with intelligence and emotion, whose every action is informed and affected by their interactions and emotional states. Experience all new intuitive and fun creative tools. Sculpt your Sims in Create A Sim and construct unique homes with the tactile room-based Build Mode. Control the mind, body, and heart of your Sims with dynamic, emotion-rich gameplay, and bring your stories to life. 			New Sims - Create and control more intelligent, more relatable, and emotionally rich Sims. 			Intelligence - Your Sims move and act more naturally than ever before, from multitasking to expressing their emotions by the way they walk. Choose the personalities of your Sims, select their aspirations, and explore the depth of their lifelong goals through your Sims&#39; thoughts, social skills, careers, and memories. 			Emotional Depth - For the first time, Sims feel and express emotions. Your Sims can experience a diverse range and depth of emotional states and are influenced through other Sims, actions, events, memories, or even by the clothing and objects you choose. Emotions offer you more choice by giving you the opportunity to create richer stories with even more possibilities. 			New Creative Tools - Create A Sim and Build are more powerful, intuitive, and fun than ever before. You have the freedom to sculpt Sims with tactile precision. Effortlessly construct the home of your dreams with the all new room-based Build Mode. 			Vibrant Neighbourhoods - Choose among brilliant and diverse lots for your Sims to live in. Vivid visuals bring your Sim&#39;s home to life. 			Rich Rewards - Earn new objects, outfits, and traits by completing events, discovering collectables, and unlocking achievements. 			Share Your Creations - Share your Sims&#39; households with your friends and the community. Download community creations for an all-new look. 	How To Redeem	Activation code emailed out, you will need an internet connection to download the game via the EA Origin network, no disc will be sent out. For information on how to do this, use the following address. 	&nbsp;Download Origin from http://www.origin.com/download	&nbsp;Sign up for an Origin account at https://www.origin.com/create	&nbsp;Start the Origin application and log in	&nbsp;Near the top of the application, click on &quot;Origin&quot; and select &quot;Redeem Product Code&quot;	&nbsp;Enter the serial code for the game you have purchased and click &quot;Next&quot;	&nbsp;The game will be downloaded and installed to your computer&nbsp;	Please note: Code will be emailed during office hours Monday - Friday GMT		This item will be emailed to the address from which you order	PC Specifications	REQUIRED: Internet connection required for product activation		PC SYSTEM REQUIREMENTS		OS: Windows XP (SP3), Windows Vista (SP2), Windows 7 (SP1), Windows 8, or Windows 8.1	PROCESSOR: 1.8 GHz Intel Core 2 Duo, AMD Athlon 64 Dual-Core 4000+ or equivalent (For computers using built-in graphics chipsets, the game requires 2.0 GHz Intel Core 2 Duo, 2.0 GHz AMD Turion 64 X2 TL-62 or equivalent)	MEMORY: At least 2 GB RAM	HARD DRIVE: At least 9 GB of free space with at least 1 GB additional space for custom content and saved games	VIDEO CARD: 128 MB of Video RAM and support for Pixel Shader 3.0. Supported Video Cards: NVIDIA GeForce 6600 or better, ATI Radeon X1300 or better, Intel GMA X4500 or better	SOUND CARD: DirectX 9.0c Compatible	DIRECTX: DirectX 9.0c compatible	INPUT: Keyboard and Mouse		RECOMMENDED SPECS		OS: 64 Bit Windows 7, 8, or 8.1	PROCESSOR: Intel core i5 or faster, AMD Athlon X4	MEMORY: 4 GB RAM	VIDEO CARD: NVIDIA GTX 650 or better		MAC SYSTEM REQUIREMENTS		MINIMUM SPECIFICATION		OS: Mac OS&reg; X 10.7.5 (Lion)	PROCESSOR: Intel Core 2 Duo 2.4Ghz Processor or better	VIDEO CARD: NVIDIA GeForce 320M, 9600M, 9400M,ATI Radeon HD 2600 Pro or better. Video RAM of 256MB or better. 	MEMORY: 4GB RAM	HARD DRIVE: 10 GB of Hard Drive space		RECOMMENDED SPECIFICATION		OS: Mac OS&reg; X 10.9 or later	PROCESSOR: Intel Core i5 or better	VIDEO CARD: NVIDIA GTX 650 or better	MEMORY: 8GB RAM	HARD DRIVE: 10 GB of Hard Drive space",https://t.cfjump.com/33917/p/6229203,http://www.ozgameshop.com/origin-games/sims-4-pc-cd-key-download-for-origin?utm_source=cd+key+price&utm_medium=shopping&utm_campaign=cd+key+price+data+feed+(12/01/2017),http://c.cfjump.com/Products/11793/6229203.jpg,http://c.cfjump.com/Products/11793/6229203@50x50.jpg,http://c.cfjump.com/Products/11793/6229203@100x100.jpg,http://c.cfjump.com/Products/11793/6229203@120x120.jpg,http://c.cfjump.com/Products/11793/6229203@200x200.jpg,http://c.cfjump.com/Products/11793/6229203@300x300.jpg,http://c.cfjump.com/Products/11793/6229203@400x400.jpg,42.99,,,,,,,,,,,,,,,,,,,,,,
11793,ozgameshop.com,2014-11-08T02:43:01.670,2017-01-13T04:19:40.657,XBOG0244,Assassin's Creed Unity Xbox One Digital Download Game,Xbox One Digital Downloads,"Assassins Creed Unity XBOX One. Paris, 1789. The French Revolution turns a once-magnificent city into a place of terror and chaos. Its cobblestoned streets run red with the blood of commoners who dare to rise up against an oppressive aristocracy. Yet as the nation tears itself apart, a young man named Arno will embark upon an extraordinary journey to expose the true powers behind the Revolution. His pursuit will throw him into the middle of a ruthless struggle for the fate of a nation, and transform him into a true Master Assassin. 	Introducing Assassin&rsquo;s Creed Unity, the blockbuster franchise&rsquo;s new chapter powered by the all new Anvil engine, rebuilt from the ground up for new gen. From the storming of the Bastille to the execution of King Louis XVI, experience the French Revolution as never before &ndash; and help the people of France carve an entirely new destiny. 	Key Features	A Ruthless New Hero For A Brutal World &ndash; Play as Arno, an entirely new breed of Assassin, more lethal than his ancestors. Take down your prey with a range of new weapons such as the Phantom Blade, a Hidden Blade with crossbow capabilities. 	Brand-New Parkour, Combat, and Stealth Gameplay &ndash; Enjoy an unprecedented degree of freedom and control over your Assassin, brought to life by the new Anvil engine. 			Full motion control: new parkour mechanics for seamless free running up, across, and down city walls and buildings. 			A reinvented fighting system provides a richer combat experience based on skill, timing, and flow. 			Enhanced stealth gameplay including new stealth mode, cover system and crowd manipulation techniques. Stay hidden, stalk your prey and strike without warning. 	Deep Customization Mechanics To Craft Your Own Master Assassin &ndash; Craft your own unique play style by choosing your weapons, gear, outfit and specialized skills. Mix and match from hundreds of possible combinations and build your Stealth, Fighting, and Navigation abilities from a new expansive skill tree. Become the ultimate Master Assassin.&nbsp;	Discover Revolutionary Paris, Brought To Life As Never Before &ndash; Carve your way through a stunning full scale, open world city, a feat only possible through the power of the new Anvil engine. 			Explore detailed building interiors and discover secret underground catacombs and sewers. 			Embark on Ancestral Missions, Treasure Hunts, Murder Mysteries, Contracts and more. The city is packed full of activities that will captivate you for hours			Witness the chaos of the French Revolution first-hand by immersing yourself in realistic, systemic crowds of up to 5,000 AI driven characters. 			A Unique Co-Op Experience You Must Play To Believe &ndash; In addition to an epic Singe Player campaign, join up to three friends and experience the online open world of 18th century Paris. Pull off ambitious Heists and take part in unique narrative driven missions designed exclusively for cooperative play. Sabotage an execution. Protect an emperor. Assassinate a Templar agent. But victory won&rsquo;t be easy; you and your lethal band must rely on communication, coordination, and diverse skills to accomplish your missions, then vanish into the shadows. 	How to Redeem:	Requires an XBOX Live Membership and Internet access to Download	Contains Code only to download in full: Assassins Creed Unity Xbox One Game	Please note: A Code will be emailed during office hours Monday - Friday GMT (No disk will be sent in post)		The Code will be emailed to the address from which you order",https://t.cfjump.com/33917/p/6767806,http://www.ozgameshop.com/xbox-one-digital-downloads/assassins-creed-unity-xbox-one-digital-download-game?utm_source=cd+key+price&utm_medium=shopping&utm_campaign=cd+key+price+data+feed+(12/01/2017),http://c.cfjump.com/Products/11793/6767806.jpg,http://c.cfjump.com/Products/11793/6767806@50x50.jpg,http://c.cfjump.com/Products/11793/6767806@100x100.jpg,http://c.cfjump.com/Products/11793/6767806@120x120.jpg,http://c.cfjump.com/Products/11793/6767806@200x200.jpg,http://c.cfjump.com/Products/11793/6767806@300x300.jpg,http://c.cfjump.com/Products/11793/6767806@400x400.jpg,8.99,,,,,,,,,,,,,,,,,,,,,,
11793,ozgameshop.com,2015-01-28T03:11:23.400,2017-01-13T04:19:40.657,PCG4878,The Witcher 3 Wild Hunt Download for GOG.com,PC Games,"The Witcher 3 Wild Hunt PC is a story-driven, next-generation open world role-playing game, set in a graphically stunning fantasy universe, full of meaningful choices and impactful consequences. In The Witcher, you play as Geralt of Rivia, one of a dying caste of monster hunters, and embark on an epic journey in a war-ravaged world that will inevitably lead you to confront a foe darker than anything humanity has faced so far - the Wild Hunt. 	The world burns as the Empire of Nilfgaard pierces through the heart of the kingdoms in the north. Geralt of Rivia is pursued by an enemy devoid of mercy - the Wild Hunt, a mythical cavalcade of ghastly riders, harbingers of doom and destruction, capable of destroying entire settlements overnight. Driven by a deeply personal agenda, Geralt must navigate a maze of hostile forces to find and protect the one described in an ancient prophecy. Gritty and merciless, the world the adventure plays out in sets new standards in terms of size, ecosystem complexity and meaningful non-linearity. Experience realistic day and night cycles, observe weather changes that influence gameplay, and conquer the lush environment using arcane witcher lore. 	Evolve unique witcher skills to tailor gameplay to your liking; hunt bloodthirsty monsters and develop your signature fighting strategies; use potent battle magic, and slay your way to victory in a truly limitless open world. Stroll, swim, ride and sail; embark on legendary quests and collect epic bounties. Take control: go anywhere, do anything!	The Witcher 3 Wild Hunt PC Features			A Vast Open-World Environment: 30 times bigger than The Witcher 2, the size of the world requires new methods of exploration such as horse riding and sailing. 			A Living World: The open world environment does not consist of set piece scenes the player rushes through, but real ecosystems, with their own life, which can be easily set out of balance by Geralt&rsquo;s choices. The World becomes an interactive environment that interacts with the player and is dependent on Geralt&rsquo;s actions in the Northern Kingdoms. 			Player Decisions: Each action will have consequences that change the story and the game world. NPCs, communities, monsters and locations all change, based on player choice. 			Unique atmosphere: The game world has its own unique feel. It is a classic dark fantasy tale that will appeal to fans of all kinds of fantasy stories. 			Non-Linear: The player can resolve quests and main story threads in any order or complete them in a parallel fashion. 			Intuitive and unique combat system: Rooted in traditional RPG systems but updated and improved to provide modern, spectacular and thoroughly gripping entertainment full of dynamic and brutal combat sequences. 			The Witcher Senses system brings new tactical depth to combat: Strike at your opponent&rsquo;s weak points using Geralt&rsquo;s knowledge of beasts. In The Witcher 3 the real feel of being a huntsman, who makes a living by tracking down beasts, is brought to a new level. 			An expanded sign casting system: Each of the 5 signs has two totally different modes of use. This creates even more possibilities in combat allowing the player to use magic in creative way. 			Advanced crafting mechanics: Geralt&rsquo;s options for creating items have been significantly expanded. The effects of crafting have more influence on gameplay. 			Book-Based: A unique, deep, consistent and expansive game world based on Andrzej Sapkowski&rsquo;s seven book series recreated in the game to provide the ultimate, sophisticated player experience. 	How To Redeem:	An activation code will be emailed out, you will need an internet connection to download the game via GOG.com, no disc will be sent. See below for information on how to do this. 	In order to redeem the GOG code please follow the instructions below:		1. Please create an account or login on www.gog.com	2. Go to www.gog.com/redeem	3. Enter the code and then press &quot;CONTINUE&quot;	4. After a short amount of time you will see the details about the product, please press &quot;CONTINUE&quot; again. 	5. Download and install the GOG.com downloader	6. Login to the software and go back to the product page	7. Go to www.gog.com/account and look for the &quot;Games&quot; tab. 	8. Press the box of the product you want to download. 	9. Activate the GOG.com Download Mode on the right side of product menu. 	10.Choose the installation package from the list and save it with the GOG Downloader. 	Please note: Code will be emailed during office hours Monday - Friday GMT		This item will be emailed to the address from which you order",https://t.cfjump.com/33917/p/8045381,http://www.ozgameshop.com/pc-games/the-witcher-3-wild-hunt-download-for-gog-com?utm_source=cd+key+price&utm_medium=shopping&utm_campaign=cd+key+price+data+feed+(12/01/2017),http://c.cfjump.com/Products/11793/8045381.jpg,http://c.cfjump.com/Products/11793/8045381@50x50.jpg,http://c.cfjump.com/Products/11793/8045381@100x100.jpg,http://c.cfjump.com/Products/11793/8045381@120x120.jpg,http://c.cfjump.com/Products/11793/8045381@200x200.jpg,http://c.cfjump.com/Products/11793/8045381@300x300.jpg,http://c.cfjump.com/Products/11793/8045381@400x400.jpg,19.49,,,,,,,,,,,,,,,,,,,,,,
11793,ozgameshop.com,2015-04-17T02:58:00.657,2017-01-13T04:19:40.657,PCG4934,Mortal Kombat X PC CD Key Download for Steam,Steam Games,"Mortal Kombat X is the next highly anticipated installment in its legendary, critically acclaimed fighting game franchise that propels the iconic franchise into a new generation. Mortal Kombat X is scheduled for release in 2015. 	Mortal Kombat X combines cinematic presentation with all new gameplay to deliver the most brutal Kombat experience ever, offering a new fully-connected experience that launches players into a persistent online contest where every fight matters in a global battle for supremacy.&nbsp;	For the first time, Mortal Kombat X gives players the ability to choose from multiple variations of each character impacting both strategy and fighting style. Players step into an original story showcasing some of the game&rsquo;s most prolific characters including Scorpion and Sub-Zero, while introducing new challengers that represent the forces of good and evil and tie the tale together. 	How To Redeem:	An activation code will be emailed out, you will need an internet connection to download the game via steam, no disc will be sent out. At this time we do not know the file size of the download. For information on how to do this, use the following address. 	https://support.steampowered.com/kb_article.php?ref=5414-TFBN-1352	Please note: Code will be emailed during office hours Monday - Friday GMT	This item will be emailed to the address from which you order	*Please note: This item does not include the Goro DLC",https://t.cfjump.com/33917/p/9594725,http://www.ozgameshop.com/steam-games/mortal-kombat-x-pc-cd-key-download-for-steam?utm_source=cd+key+price&utm_medium=shopping&utm_campaign=cd+key+price+data+feed+(12/01/2017),http://c.cfjump.com/Products/11793/9594725.jpg,http://c.cfjump.com/Products/11793/9594725@50x50.jpg,http://c.cfjump.com/Products/11793/9594725@100x100.jpg,http://c.cfjump.com/Products/11793/9594725@120x120.jpg,http://c.cfjump.com/Products/11793/9594725@200x200.jpg,http://c.cfjump.com/Products/11793/9594725@300x300.jpg,http://c.cfjump.com/Products/11793/9594725@400x400.jpg,12.99,,,,,,,,,,,,,,,,,,,,,,
11793,ozgameshop.com,2016-02-23T03:34:54.803,2017-01-13T04:19:40.657,360A1034,Xbox Live Gold Trial 14 Day Membership Card Xbox 360 and Xbox One Digital Download,Xbox 360 Points &amp; Subscriptions,"14 Days Live Gold Trial Membership Card valid on both Xbox One and Xbox 360	Please Note: Important information as Gold Trials work different to Full Gold memberships			Free Games Offer and Exclusive Discounts for Gold Members Only. Not valid for Trial Members. 			Trials cannot be used to extend existing Gold Memberships. 			Trials only work on silver accounts. If you are currently on a Gold membership or a Gold trial wait until it expires before redeeming otherwise &quot;Invalid Code&quot; will show. 			If you are purchasing multiple gold trials please wait until each trial has expired before redeeming another. 			Your account status will not change to a Gold status due to it being a trial, this is not a full Gold Membership. 	As per Microsoft/Xbox&#39;s terms and conditions, subscription codes are non-refundable	How To Redeem:	A code will be emailed out, requires Internet access to Download	Please note: Codes will be emailed during office hours Monday - Friday GMT&nbsp;	This item will be emailed to the address from which you order	14 Days Live Trial Gold Membership Card",https://t.cfjump.com/33917/p/18441360,http://www.ozgameshop.com/xbox-360-points-and-subscriptions/xbox-live-gold-trial-14-day-membership-card-xbox-360-and-xbox-one-digital-download?utm_source=cd+key+price&utm_medium=shopping&utm_campaign=cd+key+price+data+feed+(12/01/2017),http://c.cfjump.com/Products/11793/18441360.jpg,http://c.cfjump.com/Products/11793/18441360@50x50.jpg,http://c.cfjump.com/Products/11793/18441360@100x100.jpg,http://c.cfjump.com/Products/11793/18441360@120x120.jpg,http://c.cfjump.com/Products/11793/18441360@200x200.jpg,http://c.cfjump.com/Products/11793/18441360@300x300.jpg,http://c.cfjump.com/Products/11793/18441360@400x400.jpg,6.99,,,,,,,,,,,,,,,,,,,,,,
11793,ozgameshop.com,2016-04-01T02:51:53.160,2017-01-13T04:19:40.657,PCG5230,Mirrors Edge Catalyst PC CD Key Download for Origin,Origin Games,"Follow Faith, a daring free runner, as she fights for freedom in the city of Glass. What appears to be an elegant, high-tech city on the outside, has a terrible secret hidden within. Experience Faith&#39;s origin story in Mirror&rsquo;s Edge Catalyst and fight for freedom in the city of Glass. This huge world is your playground. Run, climb, and explore every corner in the first-person perspective, from the sun-drenched rooftops to the dark, gritty tunnels below. Combine her fluid movement and advanced combat with the city&rsquo;s surroundings to master the environment and uncover the conspiracy. There is no need for a gun when you can use your advanced skills and the obstacle environment as a weapon to take down your enemies. This Mirror&rsquo;s Edge is raising the bar in action-adventure games for this generation. 	Game Features:	Experience fluid, first-person combat - Get your heart&rsquo;s pumping with fast-paced first-person navigation and combat. With incredible freedom of movement and martial arts abilities at your fingertips, you&#39;ll have just as much fun exploring the world as you will when you take out your enemies. 	Explore every inch of a vast city - Run free in the city of Glass at your own pace and unlock its many districts however you want, as you play. What secrets are to be found atop the tallest skyscrapers? What goes on behind the glittering facades? And what does the abandoned tunnels below the city hold in store?	Witness the rise of Faith - Peek behind the curtain of Faith&rsquo;s past. Learn more about her upbringing in a totalitarian society and how she came to join an outsider group called the Runners. Then, experience her journey for yourself as she stands up against oppression. 	System Requirements:	&bull; Supported OS: Windows Vista&nbsp;Windows 7&nbsp;Windows 8&nbsp;	&bull; Processor: Intel Celeron E1500 Dual-Core 2.2GHz	&bull; RAM: 2 GB	&bull; Hard Disk: 10 GB	&bull; Video Card: GeForce GT 330	&bull; Additional Requirements: DirectX: 9	How To Redeem	Activation code emailed out, you will need an internet connection to download the game via the EA Origin network, no disc will be sent out. For information on how to do this, use the following address. 	&nbsp;Download Origin from http://www.origin.com/download	&nbsp;Sign up for an Origin account at https://www.origin.com/create	&nbsp;Start the Origin application and log in	&nbsp;Near the top of the application, click on &quot;Origin&quot; and select &quot;Redeem Product Code&quot;	&nbsp;Enter the serial code for the game you have purchased and click &quot;Next&quot;	&nbsp;The game will be downloaded and installed to your computer	Please note: Code will be emailed during office hours Monday - Friday GMT		This item will be emailed to the address from which you order",https://t.cfjump.com/33917/p/19296703,http://www.ozgameshop.com/origin-games/mirrors-edge-catalyst-pc-cd-key-download-for-origin?utm_source=cd+key+price&utm_medium=shopping&utm_campaign=cd+key+price+data+feed+(12/01/2017),http://c.cfjump.com/Products/11793/19296703.jpg,http://c.cfjump.com/Products/11793/19296703@50x50.jpg,http://c.cfjump.com/Products/11793/19296703@100x100.jpg,http://c.cfjump.com/Products/11793/19296703@120x120.jpg,http://c.cfjump.com/Products/11793/19296703@200x200.jpg,http://c.cfjump.com/Products/11793/19296703@300x300.jpg,http://c.cfjump.com/Products/11793/19296703@400x400.jpg,22.99,,,,,,,,,,,,,,,,,,,,,,
11793,ozgameshop.com,2016-05-11T03:07:17.400,2017-01-13T04:19:40.657,PCG5278,Battlefield 1 PC CD Key Download for Origin,Origin Games,"Experience the dawn of all-out war in Battlefield 1 PC. Fight your way through epic battles ranging from tight urban combat in a besieged French city to the heavily defended mountain forts in the Italian Alps or frantic combats in the deserts of Arabia. In Battlefield One discover a new world at war through an adventure-filled campaign or join in epic multiplayer battles with up to 64 players and adapt your tactics to the earth-shattering environments and destruction. Fight as infantry or take control of amazing vehicles on land, air and sea, from the tanks and bikes on the ground, to biplanes and gigantic battleships, and adapt your gameplay to the most dynamic battles in Battlefield history. Epic 64-Player Multiplayer Battles - Team up with your friends and join in the most epic multiplayer battles in FPS history with up to 64 players fighting as infantry or piloting vehicles ranging from tanks and bikes on the ground to biplanes and gigantic battleships. Experience the Dawn of All-out War &ndash; Be a part of the greatest battles ever known to man. From the heavily defended Alps to the scorching deserts of Arabia, war is raging on an epic scale on land, air and sea as you witness the birth of modern warfare Earth-shattering Intuitive Destruction - With intuitive destruction, no battle is ever the same. Destroy vehicles big and small and demolish entire buildings. From tiny wooden houses to massive stone forts, even the grounds on which you&rsquo;re fighting can be blasted apart. War Stories from the Far Edges of the World - Discover a world at war through an adventure-filled campaign that captures the variety of a global conflict through the eyes of several different characters all united by this first, modern war. How To Redeem An activation code will be emailed out, you will need an internet connection to download the game via the EA Origin network, no disc will be sent out. For information on how to do this, use the following address. &nbsp;Download Origin from http://www.origin.com/download &nbsp;Sign up for an Origin account at https://www.origin.com/create &nbsp;Start the Origin application and log in &nbsp;Near the top of the application, click on &quot;Origin&quot; and select &quot;Redeem Product Code&quot; &nbsp;Enter the serial code for the game you have purchased and click &quot;Next&quot; &nbsp;The game will be downloaded and installed to your computer&nbsp; Please note: Code will be emailed during office hours Monday - Friday GMT This item will be emailed to the address from which you order",https://t.cfjump.com/33917/p/21679267,http://www.ozgameshop.com/origin-games/battlefield-1-pc-cd-key-download-for-origin?utm_source=cd+key+price&utm_medium=shopping&utm_campaign=cd+key+price+data+feed+(12/01/2017),http://c.cfjump.com/Products/11793/21679267.jpg,http://c.cfjump.com/Products/11793/21679267@50x50.jpg,http://c.cfjump.com/Products/11793/21679267@100x100.jpg,http://c.cfjump.com/Products/11793/21679267@120x120.jpg,http://c.cfjump.com/Products/11793/21679267@200x200.jpg,http://c.cfjump.com/Products/11793/21679267@300x300.jpg,http://c.cfjump.com/Products/11793/21679267@400x400.jpg,62.99,,,,,,,,,,,,,,,,,,,,,,
11793,ozgameshop.com,2016-06-08T02:50:12.540,2017-01-13T04:19:40.657,PCG5302,"Warhammer 40,000 Dawn Of War III PC CD Key Download for Steam",Steam Games,"Warhammer 40,000 Dawn of War 3 PC Details to follow How To Redeem An activation code will be emailed out, you will need an internet connection to download the game via steam, no disc will be sent out. For information on how to do this, use the following address. https://support.steampowered.com/kb_article.php?ref=5414-TFBN-1352 Please note: Code will be emailed during office hours Monday - Friday GMT This item will be emailed to the address from which you order",https://t.cfjump.com/33917/p/22445238,http://www.ozgameshop.com/steam-games/warhammer-40000-dawn-of-war-iii-pc-cd-key-download-for-steam?utm_source=cd+key+price&utm_medium=shopping&utm_campaign=cd+key+price+data+feed+(12/01/2017),http://c.cfjump.com/Products/11793/22445238.jpg,http://c.cfjump.com/Products/11793/22445238@50x50.jpg,http://c.cfjump.com/Products/11793/22445238@100x100.jpg,http://c.cfjump.com/Products/11793/22445238@120x120.jpg,http://c.cfjump.com/Products/11793/22445238@200x200.jpg,http://c.cfjump.com/Products/11793/22445238@300x300.jpg,http://c.cfjump.com/Products/11793/22445238@400x400.jpg,67.99,,,,,,,,,,,,,,,,,,,,,,
11793,ozgameshop.com,2016-06-15T03:10:08.087,2017-01-13T04:19:40.657,PCG5307,Prey PC CD Key Download for Steam,Steam Games,"In Prey, you awaken aboard Talos I, a space station orbiting the moon in the year 2032. You are the key subject of an experiment meant to alter humanity forever - but things have gone terribly wrong. The space station has been overrun by hostile aliens and you are now being hunted. As you dig into the dark secrets of Talos I and your own past, you must survive using the tools found on the station, your wits, weapons, and mind-bending abilities. How to Redeem An activation code will be emailed out, you will need an internet connection to download the game via steam, no disc will be sent out. For information on how to do this, use the following address. https://support.steampowered.com/kb_article.php?ref=5414-TFBN-1352 Please note: Code will be emailed during office hours Monday - Friday GMT This item will be emailed to the address from which you order",https://t.cfjump.com/33917/p/22838454,http://www.ozgameshop.com/steam-games/prey-pc-cd-key-download-for-steam?utm_source=cd+key+price&utm_medium=shopping&utm_campaign=cd+key+price+data+feed+(12/01/2017),http://c.cfjump.com/Products/11793/22838454.jpg,http://c.cfjump.com/Products/11793/22838454@50x50.jpg,http://c.cfjump.com/Products/11793/22838454@100x100.jpg,http://c.cfjump.com/Products/11793/22838454@120x120.jpg,http://c.cfjump.com/Products/11793/22838454@200x200.jpg,http://c.cfjump.com/Products/11793/22838454@300x300.jpg,http://c.cfjump.com/Products/11793/22838454@400x400.jpg,64.99,,,,,,,,,,,,,,,,,,,,,,
11793,ozgameshop.com,2016-06-17T03:03:42.097,2017-01-13T04:19:40.657,PCG5315,Mass Effect Andromeda PC CD Key Download for Origin,Origin Games,"Mass Effect Andromeda is very much a new adventure, taking place far away from and long after the events of the original trilogy. You will play a human, male or female, exploring an all-new galaxy, Andromeda, and piloting the new and improved Mako you saw. And through it all, you will have a new team of adventurers to work with, learn from, fight alongside of, and fall in love with. 		Mass Effect Andromeda is built using the Frostbite game engine. 	How To Redeem	Activation code emailed out, you will need an internet connection to download the game via the EA Origin network, no disc will be sent out. For information on how to do this, use the following address. 	&nbsp;Download Origin from http://www.origin.com/download	&nbsp;Sign up for an Origin account at https://www.origin.com/create	&nbsp;Start the Origin application and log in	&nbsp;Near the top of the application, click on &quot;Origin&quot; and select &quot;Redeem Product Code&quot;	&nbsp;Enter the serial code for the game you have purchased and click &quot;Next&quot;	&nbsp;The game will be downloaded and installed to your computer&nbsp;	Please note: Code will be emailed during office hours Monday - Friday GMT		This item will be emailed to the address from which you order",https://t.cfjump.com/33917/p/23001519,http://www.ozgameshop.com/origin-games/mass-effect-andromeda-pc-cd-key-download-for-origin?utm_source=cd+key+price&utm_medium=shopping&utm_campaign=cd+key+price+data+feed+(12/01/2017),http://c.cfjump.com/Products/11793/23001519.jpg,http://c.cfjump.com/Products/11793/23001519@50x50.jpg,http://c.cfjump.com/Products/11793/23001519@100x100.jpg,http://c.cfjump.com/Products/11793/23001519@120x120.jpg,http://c.cfjump.com/Products/11793/23001519@200x200.jpg,http://c.cfjump.com/Products/11793/23001519@300x300.jpg,http://c.cfjump.com/Products/11793/23001519@400x400.jpg,62.99,,,,,,,,,,,,,,,,,,,,,,
11793,ozgameshop.com,2016-07-15T03:02:54.923,2017-01-13T04:19:40.657,PCG5326,FIFA 17 PC CD Key Download for Origin,Origin Games,"What is FIFA Ultimate Team (FUT)?		EA SPORTS FIFA 17 Ultimate Team is a massive online community of fans building, managing, and competing with their ultimate football team from the world&rsquo;s best players in FIFA 17. Join over 15 million fans and take on the challenge of building football squads of the world&#39;s best players by earning, buying, selling, and trading players with the Ultimate Team community. Play with your dream team and put them against your friends&rsquo; teams whenever you want. Create and manage multiple squads and take them into competition in online and solo single-player tournaments, all dynamically updated each week. &nbsp;		What is a FIFA Ultimate Team Loan Player?		Ever wonder what it&rsquo;s like to have a top footballer on your team? You&rsquo;ll be able to try out some of FIFA Ultimate Team&rsquo;s most sought after players for a limited amount of matches. &nbsp;		What is a FIFA Ultimate Team Draft?		FUT Draft is a new way to play FIFA Ultimate Team! Draft a squad and challenge opponents in a tournament to win coins, packs, and more. Test your team building skills and pick the best player for each position from a five player draw. Make key choices based on player quality or team Chemistry. Earn bigger match prizes as you progress &ndash; win all four games in a row to earn the best rewards!		What is the EA SPORTS Football Club (EASFC)?		Experience football&rsquo;s social network. Earn rewards, level up, enjoy live Challenges, and connect with friends. Everything within FIFA 17 is measured and communicated through EA SPORTS Football Club. Fans can earn rewards to unlock items from the Football Club Catalogue, and build their status as they climb 100 levels. Real-world storylines drive EA SPORTS Football Club through regular challenges so that FIFA 17 will look, feel and play like the real-world season. 	How To Redeem:	An activation code will be emailed out, you will need an internet connection to download the game via the EA Origin network, no disc will be sent out. For information on how to do this, use the following address. 	&nbsp;Download Origin from http://www.origin.com/download	&nbsp;Sign up for an Origin account at https://www.origin.com/create	&nbsp;Start the Origin application and log in	&nbsp;Near the top of the application, click on &quot;Origin&quot; and select &quot;Redeem Product Code&quot;	&nbsp;Enter the serial code for the game you have purchased and click &quot;Next&quot;	&nbsp;The game will be downloaded and installed to your computer	Please note: Code will be emailed during office hours Monday - Friday GMT		This item will be emailed to the address from which you order",https://t.cfjump.com/33917/p/24099498,http://www.ozgameshop.com/origin-games/fifa-17-pc-cd-key-download-for-origin?utm_source=cd+key+price&utm_medium=shopping&utm_campaign=cd+key+price+data+feed+(12/01/2017),http://c.cfjump.com/Products/11793/24099498.jpg,http://c.cfjump.com/Products/11793/24099498@50x50.jpg,http://c.cfjump.com/Products/11793/24099498@100x100.jpg,http://c.cfjump.com/Products/11793/24099498@120x120.jpg,http://c.cfjump.com/Products/11793/24099498@200x200.jpg,http://c.cfjump.com/Products/11793/24099498@300x300.jpg,http://c.cfjump.com/Products/11793/24099498@400x400.jpg,59.99,,,,,,,,,,,,,,,,,,,,,,
11793,ozgameshop.com,2016-09-29T03:18:17.543,2017-01-13T04:19:40.657,PCG4542,Heroes Of Warcraft HearthStone Card Pack PC CD Key Download for Battle.net,PC Games,"Deceptively Simple. Insanely Fun	It&#39;s the fast-paced strategy card game for everyone			Card Pack for Heroes Of Warcraft HearthStone			A Maximum of five free card packs can be redeemed on a single Battle.net account			The game Heroes Of Warcraft HearthStone can be downloaded from www.playhearthstone.com for free	Card Packs Information	Card packs, also called Expert Packs, are items which can be used to obtain additional cards for your collection. 		Each card pack contains 5 expert cards. Each card has a chance to be of common, rare, epic or even legendary rarity, but each pack is guaranteed to contain at least one card of at least rare quality. While the majority of cards in card packs are common, it is possible to find multiple cards of high quality within a single pack. Each card also has the chance to become a golden version of that card. 		How To Redeem	Please note: A code will be emailed during office hours Monday - Friday GMT		This item will be emailed to the address from which you order			Go to www.battle.net/code			Create a Battle.net account or log in if you already have one			Enter your Card Pack Key into the field provided			If you have not already done so, Install Hearthstone			From the box cover screen, press open packs button			Drag your card pack to the center tray to reveal your new cards",https://t.cfjump.com/33917/p/27156765,http://www.ozgameshop.com/pc-games/heroes-of-warcraft-hearthstone-card-pack-pc-cd-key-download-for-battle-net?utm_source=cd+key+price&utm_medium=shopping&utm_campaign=cd+key+price+data+feed+(12/01/2017),http://c.cfjump.com/Products/11793/27156765.jpg,http://c.cfjump.com/Products/11793/27156765@50x50.jpg,http://c.cfjump.com/Products/11793/27156765@100x100.jpg,http://c.cfjump.com/Products/11793/27156765@120x120.jpg,http://c.cfjump.com/Products/11793/27156765@200x200.jpg,http://c.cfjump.com/Products/11793/27156765@300x300.jpg,http://c.cfjump.com/Products/11793/27156765@400x400.jpg,3.99,,,,,,,,,,,,,,,,,,,,,,
11793,ozgameshop.com,2016-10-06T02:46:41.877,2017-01-13T04:19:40.657,PCG4969,Project Cars PC CD Key Download for Steam,Steam Games,"Project CARS PC is the most authentic, beautiful, intense, and technically-advanced racing game on the planet. Crowd-funded by a passionate community that has been involved in the development process throughout to create their ultimate racing experience, Project CARS allows you to create a driver, pick from a huge variety of motorsports, and shift into high gear to chase a number of Historic Goals and ultimate recognition in the Hall Of Fame. Then test your skills online either in competitive fully-loaded race weekends, leaderboard-based time challenges, or continually-updated community events &ndash; sometimes for real-world prizes. Featuring the largest track roster of any recent racing game with a ground-breaking dynamic time of day &amp; weather system, world-class graphics and handling, deep tuning &amp; pit stop functionality, and support for Oculus Rift and Project Morpheus,&nbsp;Project CARS leaves the competition behind in the dust. Key Features Visually better than Forza and Gran Turismo Built by a community including known drivers such as &quot;The Stig&quot; More Tracks and Cars than any other current racing game featuring 86 cars and 80 tracks from 30 different locations Fully customisable setup down to brad pads and suspension config. Querky features such as working windscreen wipers and head lights Real time weather cycle - rain outside then raining in your game Full car damage Online multiplayer for upto 64 players Career Mode - Become a legend, create your own driver and start from the bottom working your way through a multitude of different driving disciplines How to Redeem An activation code will be emailed out, you will need an internet connection to download the game via steam, no disc will be sent out. For information on how to do this, use the following address. https://support.steampowered.com/kb_article.php?ref=5414-TFBN-1352 Please note: Code will be emailed during office hours Monday - Friday GMT This item will be emailed to the address from which you order",https://t.cfjump.com/33917/p/27591050,http://www.ozgameshop.com/steam-games/project-cars-pc-cd-key-download-for-steam?utm_source=cd+key+price&utm_medium=shopping&utm_campaign=cd+key+price+data+feed+(12/01/2017),http://c.cfjump.com/Products/11793/27591050.jpg,http://c.cfjump.com/Products/11793/27591050@50x50.jpg,http://c.cfjump.com/Products/11793/27591050@100x100.jpg,http://c.cfjump.com/Products/11793/27591050@120x120.jpg,http://c.cfjump.com/Products/11793/27591050@200x200.jpg,http://c.cfjump.com/Products/11793/27591050@300x300.jpg,http://c.cfjump.com/Products/11793/27591050@400x400.jpg,31.99,,,,,,,,,,,,,,,,,,,,,,
11793,ozgameshop.com,2016-10-28T03:28:14.713,2017-01-13T04:19:40.657,PCG5308,Titanfall 2 Game PC CD Key Download for Origin,Origin Games,"Titanfall 2 PC Features Pilot and Titan unite as never before in Respawn Entertainment&rsquo;s highly anticipated Titanfall 2. Featuring a single player campaign that explores the unique bond between man and machine, and backed by a deeper multiplayer experience, Titanfall 2 delivers fast-paced action brimming with inventive twists. KEY FEATURES &nbsp;Advanced, Action-Packed Gameplay &ndash; Whether fighting as a Pilot, the apex predators of The Frontier, or as a Titan, 20-foot tall war machines, Titanfall 2 provides an incredibly fun, fluid, and thrilling combat experience that is unmatched. Captivating Single Player Campaign &ndash; Step on to The Frontier as a Militia rifleman with aspirations of becoming a Pilot. Stranded behind enemy lines, and against overwhelming odds, you must team up with a veteran Vanguard-class Titan and uphold a mission you were never meant to carry out. &nbsp;Deeper Multiplayer Action &ndash; With six brand-new Titans, a host of deadly new Pilot abilities, an expanded customisation system, new modes and much more, Titanfall 2 gives players the deeper MP experience they have been asking for. &nbsp;Play with Friends, or Make New Ones &ndash; The social tissue of Titanfall 2, Networks makes it fast and easy to play with friends old and new. Whether Social or Competitive, players will be able to create and join a variety of Networks that best suit their play styles and preferences.",https://t.cfjump.com/33917/p/29103286,http://www.ozgameshop.com/origin-games/titanfall-2-game-pc-cd-key-download-for-origin?utm_source=cd+key+price&utm_medium=shopping&utm_campaign=cd+key+price+data+feed+(12/01/2017),http://c.cfjump.com/Products/11793/29103286.jpg,http://c.cfjump.com/Products/11793/29103286@50x50.jpg,http://c.cfjump.com/Products/11793/29103286@100x100.jpg,http://c.cfjump.com/Products/11793/29103286@120x120.jpg,http://c.cfjump.com/Products/11793/29103286@200x200.jpg,http://c.cfjump.com/Products/11793/29103286@300x300.jpg,http://c.cfjump.com/Products/11793/29103286@400x400.jpg,34.99,,,,,,,,,,,,,,,,,,,,,,
11793,ozgameshop.com,2016-11-11T03:27:42.883,2017-01-13T04:19:40.657,XBOG0751,Gears Of War Ultimate Edition Xbox One Digital Download Game,Xbox One Digital Downloads,"The plot of Gears of War is set in the midst of a desperate struggle of humanity with a horde of locusts &ndash; the nightmarish creatures to the surface from the bowels of the planet. Players will be able to feel yourself in the place of Marcus Fenix. Deprived of former honors war hero Marcus longs to redeem, commanding his troops in hot Svatko with fierce enemies from the depths of the planet. 			Adapted for Dolby 7.1 Surround			90 minutes of new content for the campaign mode of the original game for the PC			New achievements in Xbox LIVE (player account 1250)			Gallery sketches and comics available to unlock	Streamlined multiplayer mode:			60 frames per second			Dedicated servers			Selection of players for skills			New types of games, &ldquo;Team Fight&rdquo;, &ldquo;King of the Hill&rdquo; (in the style of Gears of War 3) and the new 2 2 Destruction &ldquo;Gnasherom.&rdquo;			19 cards, including downloadable content and exclusive cards from the PC version			The ability to gain access to the 17 characters of Gears of War 3 multiplayer game			New features match the settings, including the choice of parameters of the active charge, renewal, revival and the emergence of an independent arms	Streamlined gameplay more fluid movements and updated management system:			Alternative control system and a brand new control scheme tournament			All the control parameters are adapted for the Xbox One			Added features from your favorite Gears of Wars 3: Marking enemy targets, the use of the device in a multiplayer game, improved sensitivity setting. 	How to Redeem:	Requires an XBOX Live Membership and Internet access to Download	Contains Code only to download in full: Gears Of War Ultimate Edition Xbox One Game	Please note: A Code will be emailed during office hours Monday - Friday GMT (No disk will be sent in post)",https://t.cfjump.com/33917/p/30260682,http://www.ozgameshop.com/xbox-one-digital-downloads/gears-of-war-ultimate-edition-xbox-one-digital-download-game?utm_source=cd+key+price&utm_medium=shopping&utm_campaign=cd+key+price+data+feed+(12/01/2017),http://c.cfjump.com/Products/11793/30260682.jpg,http://c.cfjump.com/Products/11793/30260682@50x50.jpg,http://c.cfjump.com/Products/11793/30260682@100x100.jpg,http://c.cfjump.com/Products/11793/30260682@120x120.jpg,http://c.cfjump.com/Products/11793/30260682@200x200.jpg,http://c.cfjump.com/Products/11793/30260682@300x300.jpg,http://c.cfjump.com/Products/11793/30260682@400x400.jpg,18.99,,,,,,,,,,,,,,,,,,,,,,
11793,ozgameshop.com,2016-11-13T04:17:34.857,2017-01-13T04:19:40.657,PCG5376,Dishonored 2 PC CD Key Download for Steam,Steam Games,"Reprise your role as a supernatural assassin in Dishonored 2 - the next chapter in the award-winning Dishonored saga by Arkane Studios. Play your way in a world where mysticism and industry collide. Will you choose to play as Empress Emily Kaldwin or the royal protector, Corvo Attano? Will you make your way through the game unseen, make full use of its brutal combat system, or use a blend of both? How will you combine your character&rsquo;s unique set of powers, weapons and gadgets to eliminate your enemies? The story responds to your choices, leading to intriguing outcomes, as you play through each of the game&rsquo;s hand-crafted missions. 		Dishonored 2 is set 15 years after the Lord Regent has been vanquished and the dreaded Rat Plague has passed into history. An otherworldly usurper has seized Empress Emily Kaldwin&rsquo;s throne, leaving the fate of the Isles hanging in the balance. As Emily or Corvo, travel beyond the legendary streets of Dunwall to Karnaca, the once-dazzling coastal city that holds the keys to restoring Emily to power. Armed with the Mark of the Outsider and powerful new abilities, track down your enemies and take back what&rsquo;s rightfully yours. 		Features:			The Assassins: As fully voiced characters, Emily Kaldwin and Corvo Attano now bring their own perspectives and emotional responses to the world and story. Use each character&rsquo;s set of powers, gadgets and uniquely-tuned weapons in creative ways as you explore the world - whether you fight your way through the city streets or sneak across the rooftops - and which enemies you decide to eliminate or spare. 			Supernatural Powers: Advanced bonecharm crafting and all-new upgrade trees allow you to customize your powers in vastly different ways. Become a living shadow to silently stalk your targets, link enemies so they share a common fate, or mesmerize your foes and dominate their minds. Choose from nearly infinite combinations of violence, nonlethal combat, powers and weapons to accomplish your objectives. 			Imaginative World: From the grimy, rat-infested streets of Dunwall to the lush, exotic coasts of a decaying Karnaca, immerse yourself in stylized locales created by Arkane&rsquo;s premiere art and narrative teams. The world is a character in its own right, rich with story, architecture and eclectic characters. It is also punctuated by signature mission locations, such as the Dust District, ravaged by dust storms and warring factions, and a madman&rsquo;s mansion made of shifting walls, deadly traps and clockwork soldiers. 			Challenge: Customise your gameplay options and difficulty settings for an even more tailored adventure. You can make the experience more challenging (or easier) by changing myriad parameters related to stealth, movement and combat. 			The Void Engine: Dishonored 2 is beautifully brought to life with the new Void Engine, a leap forward in rendering technology, built from id Tech and highly-customised by Arkane Studios. Designed to support world-class art direction and take full advantage of the powerful hardware this generation has to offer, the Void Engine allows for significant advances to all game systems, including responsive stealth and combat Artificial Intelligence, lighting and graphical rendering, impressively dense urban environments, and story presentation. 	How To Redeem:	An activation code will be emailed out, you will need an internet connection to download the game via steam, no disc will be sent out. For information on how to do this, use the following address. 	https://support.steampowered.com/kb_article.php?ref=5414-TFBN-1352	Please note: Code will be emailed during office hours Monday - Friday GMT		This item will be emailed to the address from which you order",https://t.cfjump.com/33917/p/30379762,http://www.ozgameshop.com/steam-games/dishonored-2-pc-cd-key-download-for-steam?utm_source=cd+key+price&utm_medium=shopping&utm_campaign=cd+key+price+data+feed+(12/01/2017),http://c.cfjump.com/Products/11793/30379762.jpg,http://c.cfjump.com/Products/11793/30379762@50x50.jpg,http://c.cfjump.com/Products/11793/30379762@100x100.jpg,http://c.cfjump.com/Products/11793/30379762@120x120.jpg,http://c.cfjump.com/Products/11793/30379762@200x200.jpg,http://c.cfjump.com/Products/11793/30379762@300x300.jpg,http://c.cfjump.com/Products/11793/30379762@400x400.jpg,47.69,,,,,,,,,,,,,,,,,,,,,,
11793,ozgameshop.com,2016-11-25T03:56:17.060,2017-01-13T04:19:40.657,PCS1337,Microsoft Windows 10 Professional OEM Download,Operating Systems,"Code that allows either a full install of Windows 10 Professional or an upgrade from Windows 10 Home to Windows 10 Professional. 	Windows 10 is so familiar and easy to use, you&rsquo;ll feel like an expert. The Start Menu is back in an expanded form, plus your pinned apps and favorites are brought over so they&rsquo;re ready and waiting for you. It starts up and resumes fast, has more built-in security to help keep you safe, and is designed to work with software and hardware you already have. 	You can also upgrade from Windows 10 Home to Windows 10 Pro with this product, as well as a fresh install	The software comes with 2 download links to both 32 and 64-bit ISO images, which you can either extract to USB or burn onto a DVD. This is the FULL version download. It&rsquo;s the most complete version available on the market with all the Windows 10 features included. 	Windows 10 is so familiar and easy to use, you&rsquo;ll feel like an expert. The Start Menu is back in an expanded form, plus your pinned apps and favorites are brought over so they&rsquo;re ready and waiting for you. It starts up and resumes fast, has more built-in security to help keep you safe, and is designed to work with software and hardware you already have. 	You`re already an expert. 	Windows 10 is so familiar and easy to use, you`ll feel like an expert. The Start Menu is back in an expanded form, plus we`ll bring over your pinned apps and favorites so they`re ready and waiting for you. It starts up and resumes fast, has more built-in security to help keep you safe, and is designed to work with software and hardware you already have. 	Millions of people are already using Windows 10. 	The Windows Insider Program is a global community of fans who love Windows and want to help make it better. Insiders see the operating system in its earliest stages, and play a role in shaping it. Their feedback has contributed to the best Windows ever. 	The web that works the way you do. 	Windows 10 comes with Microsoft Edge, an all-new browser that`s built to give you a better web experience. Write or type notes directly on webpages and share them with others, read online articles free of distraction, and save your favorite reads for later access. And with Cortana enabled, you get instant access to key actions &rdquo;like making reservations or reading reviews &rdquo;without leaving the page you`re on. 	Multi-doing helps you get to done faster. 	Easily snap up to four apps in place and see all open tasks in a single view. You can even create virtual desktops when you need more space or want to group things by project. 	Windows Store is your one-stop shop. 	Introducing the new Windows Store, a unified shopping experience across every Windows 10 device. Browse the store on your PC, tablet, or phone and easily purchase great digital content including apps, games, music, movies and TV shows. 	Windows is a registered trademark of Microsoft.",https://t.cfjump.com/33917/p/31248138,http://www.ozgameshop.com/operating-systems/microsoft-windows-10-professional-oem-download?utm_source=cd+key+price&utm_medium=shopping&utm_campaign=cd+key+price+data+feed+(12/01/2017),http://c.cfjump.com/Products/11793/31248138.jpg,http://c.cfjump.com/Products/11793/31248138@50x50.jpg,http://c.cfjump.com/Products/11793/31248138@100x100.jpg,http://c.cfjump.com/Products/11793/31248138@120x120.jpg,http://c.cfjump.com/Products/11793/31248138@200x200.jpg,http://c.cfjump.com/Products/11793/31248138@300x300.jpg,http://c.cfjump.com/Products/11793/31248138@400x400.jpg,89.99,,,,,,,,,,,,,,,,,,,,,,
